1,9121000579512901,3442j0590,-28.24,1-0-1-1-9,OLT Outdoor เดอะแกรนด์พระราม2_2(ข้างสะพานด้านใน),16/08/2026 19:39,
2,9121000579492601,3442j9327,-28.54,0-0-1-3-13,OLT Outdoor ปากทางบ้านแพ้ว,16/08/2026 19:25,
3,9121000579504701,5030377133,-28.24,0-0-1-12-6,NT1_ANYA-MUNTANA-VILLAGE_10.158.20.134,16/08/2026 17:03,
4,9121000579483701,3447j7843,-30.002,3-0-6-4-30,กระทุ่มแบน_C600,16/08/2026 16:05,
5,9121000579483801,3447j1446,-30.002,3-0-6-14-3,กระทุ่มแบน_C600,16/08/2026 13:32,
6,9121000579483501,3050019333,-30.456,3-0-3-8-26,กระทุ่มแบน_C600,16/08/2026 12:54,
7,9121000579265201,3441j0898,-28.54,0-0-3-1-11,หมู่บ้านสาครวิลล่า,15/08/2026 18:33,
8,9121000579244701,3447j8714,-29.588,3-0-8-6-13,กระทุ่มแบน_C600,15/08/2026 17:46,
9,9121000579244701,3447j8086,-28.54,3-0-8-6-31,กระทุ่มแบน_C600,15/08/2026 17:46,
10,9121000579208301,3447j1650,-28.24,1-1-2-7-22,คลองมะเดื่อ ม.6,15/08/2026 17:39,
11,9121000579263701,5030026445,-28.54,0-0-1-2-2,NT1_บ้านแพ้ว_NT2_10.158.63.132,15/08/2026 17:04,
12,9121000579263501,TDNO06720778,-28.54,0-0-1-16-1,NT1_ZYXEL บางปลา_10.158.26.132,15/08/2026 17:03,
13,9121000579263401,tdno07379675,-28.24,0-0-1-4-3,NT1_อ้อมน้อย_10.158.20.147,15/08/2026 17:03,
14,9121000579250701,3447j5618,-30.002,0-0-1-6-27,หรรษา_Cุ600,15/08/2026 16:45,
15,9121000579244401,3447j1216,-29.21,3-0-2-9-64,กระทุ่มแบน_C600,15/08/2026 11:15,17/08/2026 13:10
16,9121000579244301,3447j8411,-28.54,3-0-2-9-36,กระทุ่มแบน_C600,15/08/2026 11:15,
17,9121000579014801,3448j7981,-28.24,1-1-2-5-22,OLT Outdoor บ้านแพ้ว แยกไฟแดงกระโจมทอง,14/08/2026 19:16,
18,9121000579008201,3448j9236,-28.24,1-1-1-7-21,OLT Outdoor ชัยมงคล,14/08/2026 18:55,
19,9121000578982201,3441j3040,-28.862,1-1-7-2-3,ท่าฉลอม,14/08/2026 17:37,
20,9121000579028501,3441j2380,-28.54,2-1-3-2-9,บางปิ้ง_C600,14/08/2026 15:20,
21,9121000579028001,3441j3925,-28.54,2-0-4-8-11,คอกกระบือ_C600,14/08/2026 10:11,
22,9121000578769601,3447j6969,-30.968,1-1-1-7-14,OLT Outdoor แยกไฟแดงสายใยรัก,13/08/2026 18:51,
23,9121000578740301,3441j5380,-28.24,1-1-5-2-18,ท่าฉลอม,13/08/2026 17:36,
24,9121000578740101,3441j7341,-29.21,1-1-3-5-35,ท่าฉลอม,13/08/2026 17:36,
25,9121000578810401,gdi097460,-28.862,0-0-1-12-15,NT1_สมุทรสาคร2_10.158.19.141,13/08/2026 17:02,
26,9121000578792601,3442j7363,-28.54,2-0-3-1-45,คอกกระบือ_C600,13/08/2026 15:00,
27,9121000578792601,3442j8942,-30.0,2-0-3-1-29,คอกกระบือ_C600,13/08/2026 15:00,
28,9121000578796901,3442j2813,-30.002,2-1-1-9-19,บางปิ้ง_C600,13/08/2026 08:19,
29,9121000578546701,3441j1897,-29.588,0-0-1-7-34,OLT Outdoor กาหลง-นาโคก,12/08/2026 19:33,
30,9121000578511601,3448j5963,-28.532,1-1-1-7-40,อำแพง ม.5,12/08/2026 18:53,
31,9121000578483801,3447j2205,-29.21,1-1-5-4-19,หนองนกไข่,12/08/2026 17:23,
32,9121000578494201,3441j8213,-28.54,1-0-1-1-2,skn-skn-24kolt01,12/08/2026 17:22,
33,9121000578490001,3448j5730,-29.588,1-1-1-3-5,เกษตรพัฒนา ม.3,12/08/2026 17:13,
34,9121000578511501,3441j7854,-28.54,1-2-2-3-24,OLT ZTE สมุทรสาคร_shelf2,12/08/2026 17:02,
35,9121000578328801,3447j7475,-30.0,3-0-2-9-7,กระทุ่มแบน_C600,11/08/2026 15:39,
36,9121000578337601,3447j8844,-28.24,0-0-2-9-28,หรรษา_Cุ600,11/08/2026 10:27,
37,9121000578096701,3448j6771,-28.24,1-1-1-5-3,OLT Outdoor สหกรณ์การเกษตรบ้านแพ้ว,10/08/2026 19:15,
38,9121000578056201,3447j8583,-28.862,1-1-4-6-11,หนองนกไข่,10/08/2026 17:22,
39,9121000578063301,3448j9401,-28.24,1-1-2-2-11,เกษตรพัฒนา ม.3,10/08/2026 17:13,
40,9121000578053901,3441j6709,-28.24,1-1-4-8-7,นิคมอุตสาหกรรมสมุทรสาคร,10/08/2026 17:01,
41,9121000578053801,3442j4867,-28.24,1-1-4-1-7,นิคมอุตสาหกรรมสมุทรสาคร,10/08/2026 17:01,
42,9121000578110701,3441j1377,-28.24,2-0-2-16-50,คอกกระบือ_C600,10/08/2026 16:02,
43,9121000577872401,3447j5781,-28.24,3-0-3-3-41,กระทุ่มแบน_C600,09/08/2026 13:27,
44,9121000577479601,3447j2536,-28.24,3-0-5-13-7,กระทุ่มแบน_C600,07/08/2026 12:26,
45,9121000577486501,3447j0345,-28.862,0-0-4-7-36,หรรษา_Cุ600,07/08/2026 10:22,
46,9121000577244201,3448j8731,-28.54,1-1-1-3-9,OLT Outdoor บ้านแพ้ว คลองตาขำ,06/08/2026 19:19,
47,9121000577213501,3448j8152,-28.54,1-1-2-4-17,เกษตรพัฒนา ม.3,06/08/2026 17:13,
48,9121000577257801,3442j8984,-28.24,0-0-3-3-19,บางปลา_C600,06/08/2026 14:35,
49,9121000577038001,3441j5179,-28.24,0-0-1-8-2,OLT Outdoor กาหลง-นาโคก,05/08/2026 19:32,
50,9121000577037801,5030271539,-29.588,0-0-1-1-7,NT1_SiteNT2_10.158.20.136,05/08/2026 17:03,
51,9121000577037701,5030040177,-29.21,0-0-1-1-6,NT1_SiteNT2_10.158.20.136,05/08/2026 17:03,
52,9121000577037901,TDNO07327540,-29.21,0-0-1-1-11,NT1_SiteNT2_10.158.20.136,05/08/2026 17:03,
53,9121000576816301,3448j7159,-28.24,2-0-1-2-27,OLT Outdoor อำแพง_c620,04/08/2026 14:16,
54,9121000576786501,3442j9042,-28.24,0-0-4-5-20,สมุทรสาคร_C600,04/08/2026 10:12,
55,9121000576787201,3447j7941,-28.862,3-0-5-6-3,กระทุ่มแบน_C600,04/08/2026 10:10,
56,9121000575870901,3447j9099,-29.21,2-1-2-15-18,บางปิ้ง_C600,31/07/2026 14:20,
57,9121000575868401,3448j9733,-28.24,0-0-2-7-2,บ้านแพ้ว_C600,31/07/2026 10:15,
58,9121000575683101,3442j7836,-28.54,2-0-2-1-43,คอกกระบือ_C600,30/07/2026 22:54,
59,9121000575256001,5030330447,-8.03,0-0-1-10-1,NT1_ZYXEL คอกกระบือ_10.158.41.135,28/07/2026 17:04,
60,9121000574953801,3447j6288,-28.24,1-1-2-8-7,เอเซียนคร,27/07/2026 17:24,
61,9121000574500601,3441j3913,-28.24,1-1-2-4-11,ท่าฉลอม,25/07/2026 17:36,
62,9121000574550501,3442j0896,-28.24,2-0-2-12-7,คอกกระบือ_C600,25/07/2026 15:22,
63,9121000575269201,3442j3685,-29.588,2-0-5-14-6,วิเศษสุข_C600,23/07/2026 10:07,
64,9121000574079201,3441j3090,-28.24,0-0-4-5-46,สมุทรสาคร_C600,23/07/2026 10:02,
65,9121000573572701,3441j5415,-28.24,1-1-5-3-1,นิคมอุตสาหกรรมสมุทรสาคร,21/07/2026 17:01,
66,9121000573380301,3448j9494,-28.24,1-1-2-13-5,OLT Outdoor แยกไฟแดงยกกระบัตร,20/07/2026 18:44,
67,9121000572923001,3448j9870,-28.54,1-1-1-4-17,เกษตรพัฒนา ม.3,18/07/2026 17:11,
68,9121000572742801,3442j2428,-28.532,2-1-6-5-10,บางปิ้ง_C600,17/07/2026 15:49,
69,9121000572304601,3442j3929,-28.24,0-0-2-1-2,พันท้าย ม.5(วัดสหกรณ์),15/07/2026 18:34,
70,9121000572284301,3441j4388,-28.862,2-1-3-3-16,บางปิ้ง_C600,15/07/2026 13:20,
71,9121000572045501,3441j0589,-29.21,2-0-3-7-4,คอกกระบือ_C600,14/07/2026 14:28,
72,9121000571351101,3441j0266,-28.862,1-1-5-4-20,นิคมอุตสาหกรรมสมุทรสาคร,11/07/2026 17:01,
73,9121000570957001,3442j5996,-28.862,2-1-4-1-31,บางปิ้ง_C600,09/07/2026 18:50,
74,9121000570956201,3441j2708,-30.0,2-0-4-5-4,คอกกระบือ_C600,09/07/2026 14:44,
75,9121000570956901,3441j4328,-28.24,2-1-3-13-12,บางปิ้ง_C600,09/07/2026 11:40,
76,9121000569527801,3442j7941,-28.24,1-1-4-7-3,นิคมอุตสาหกรรมสมุทรสาคร,03/07/2026 17:01,
77,9121000569586801,3442j7787,-29.21,2-0-2-1-11,คอกกระบือ_C600,03/07/2026 10:32,
78,9121000567980501,5030300430,-32.218,0-0-1-12-5,NT1_ANYA-MUNTANA-VILLAGE_10.158.20.135,26/06/2026 17:04,
79,9121000567980401,5030114644,-30.0,0-0-1-16-7,NT1_สค.สมุทรสาคร_10.158.19.140,26/06/2026 17:02,
80,9121000567980201,5030050007,-28.7,0-0-1-8-1,NT1_สค.สมุทรสาคร_10.158.19.140,26/06/2026 17:02,
81,9121000567709001,5030348348,-30.456,0-0-1-1-9,NT1_SiteNT2_10.158.20.136,25/06/2026 17:03,
82,9121000567708901,5030391587,-30.456,0-0-1-15-22,NT1_ANYA-MUNTANA-VILLAGE_10.158.20.134,25/06/2026 17:03,
